{
  "project_info": {
    "project_number": "402636061468",
    "firebase_url": "https://infoshelf-13de7-default-rtdb.firebaseio.com",
    "project_id": "infoshelf-13de7",
    "storage_bucket": "infoshelf-13de7.appspot.com"
  },
  "client": [
    {
      "client_info": {
        "mobilesdk_app_id": "1:402636061468:android:7a92bd70edfa40f7b458d9",
        "android_client_info": {
          "package_name": "com.card.infoshelf"
        }
      },
      "oauth_client": [
        {
          "client_id": "402636061468-utbdbb1o6licv3de4conube2i241g5pi.apps.googleusercontent.com",
          "client_type": 3
        }
      ],
      "api_key": [
        {
          "current_key": "AIzaSyAYJ4S6blb8yP3ayISJh_cijMJ4i_Q-f6U"
        }
      ],
      "services": {
        "appinvite_service": {
          "other_platform_oauth_client": [
            {
              "client_id": "402636061468-utbdbb1o6licv3de4conube2i241g5pi.apps.googleusercontent.com",
              "client_type": 3
            }
          ]
        }
      }
    }
  ],
  "configuration_version": "1"
}